1023,Fri May  5 11:26:53 2023
1023,Fri May  5 11:26:54 2023
1023,Fri May  5 11:26:55 2023
1023,Fri May  5 11:26:56 2023
1023,Fri May  5 11:26:57 2023
447,Fri May  5 11:26:58 2023
447,Fri May  5 11:26:59 2023
530,Fri May  5 11:26:59 2023
530,Fri May  5 11:27:00 2023
548,Fri May  5 11:27:00 2023
548,Fri May  5 11:27:01 2023
550,Fri May  5 11:27:01 2023
550,Fri May  5 11:27:02 2023
518,Fri May  5 11:27:02 2023
518,Fri May  5 11:27:03 2023
529,Fri May  5 11:27:03 2023
529,Fri May  5 11:27:04 2023
581,Fri May  5 11:27:04 2023
581,Fri May  5 11:27:05 2023
507,Fri May  5 11:27:05 2023
507,Fri May  5 11:27:06 2023
417,Fri May  5 11:27:06 2023
417,Fri May  5 11:27:07 2023
488,Fri May  5 11:27:07 2023
488,Fri May  5 11:27:08 2023
320,Fri May  5 11:27:08 2023
320,Fri May  5 11:27:09 2023
377,Fri May  5 11:27:09 2023
377,Fri May  5 11:27:10 2023
390,Fri May  5 11:27:10 2023
390,Fri May  5 11:27:11 2023
389,Fri May  5 11:27:11 2023
389,Fri May  5 11:27:12 2023
370,Fri May  5 11:27:12 2023
370,Fri May  5 11:27:13 2023
372,Fri May  5 11:27:13 2023
372,Fri May  5 11:27:14 2023
355,Fri May  5 11:27:14 2023
355,Fri May  5 11:27:15 2023
365,Fri May  5 11:27:15 2023
365,Fri May  5 11:27:16 2023
359,Fri May  5 11:27:16 2023
359,Fri May  5 11:27:17 2023
346,Fri May  5 11:27:17 2023
346,Fri May  5 11:27:18 2023
342,Fri May  5 11:27:18 2023
342,Fri May  5 11:27:19 2023
341,Fri May  5 11:27:19 2023
341,Fri May  5 11:27:20 2023
327,Fri May  5 11:27:20 2023
327,Fri May  5 11:27:21 2023
321,Fri May  5 11:27:21 2023
321,Fri May  5 11:27:22 2023
330,Fri May  5 11:27:22 2023
330,Fri May  5 11:27:23 2023
331,Fri May  5 11:27:23 2023
331,Fri May  5 11:27:24 2023
324,Fri May  5 11:27:24 2023
324,Fri May  5 11:27:25 2023
319,Fri May  5 11:27:25 2023
319,Fri May  5 11:27:26 2023
324,Fri May  5 11:27:26 2023
324,Fri May  5 11:27:27 2023
327,Fri May  5 11:27:27 2023
327,Fri May  5 11:27:28 2023
318,Fri May  5 11:27:28 2023
318,Fri May  5 11:27:29 2023
316,Fri May  5 11:27:29 2023
316,Fri May  5 11:27:30 2023
308,Fri May  5 11:27:30 2023
308,Fri May  5 11:27:31 2023
307,Fri May  5 11:27:31 2023
307,Fri May  5 11:27:32 2023
291,Fri May  5 11:27:32 2023
291,Fri May  5 11:27:33 2023
301,Fri May  5 11:27:33 2023
301,Fri May  5 11:27:34 2023
310,Fri May  5 11:27:34 2023
310,Fri May  5 11:27:35 2023
313,Fri May  5 11:27:35 2023
313,Fri May  5 11:27:36 2023
315,Fri May  5 11:27:36 2023
315,Fri May  5 11:27:37 2023
317,Fri May  5 11:27:37 2023
317,Fri May  5 11:27:38 2023
312,Fri May  5 11:27:38 2023
312,Fri May  5 11:27:39 2023
315,Fri May  5 11:27:39 2023
315,Fri May  5 11:27:40 2023
315,Fri May  5 11:27:40 2023
315,Fri May  5 11:27:41 2023
313,Fri May  5 11:27:41 2023
313,Fri May  5 11:27:42 2023
291,Fri May  5 11:27:42 2023
291,Fri May  5 11:27:43 2023
282,Fri May  5 11:27:43 2023
282,Fri May  5 11:27:44 2023
290,Fri May  5 11:27:44 2023
290,Fri May  5 11:27:45 2023
297,Fri May  5 11:27:45 2023
297,Fri May  5 11:27:46 2023
306,Fri May  5 11:27:46 2023
306,Fri May  5 11:27:47 2023
307,Fri May  5 11:27:47 2023
307,Fri May  5 11:27:48 2023
304,Fri May  5 11:27:48 2023
304,Fri May  5 11:27:49 2023
278,Fri May  5 11:27:49 2023
278,Fri May  5 11:27:50 2023
270,Fri May  5 11:27:50 2023
270,Fri May  5 11:27:51 2023
274,Fri May  5 11:27:51 2023
274,Fri May  5 11:27:52 2023
272,Fri May  5 11:27:52 2023
272,Fri May  5 11:27:53 2023
280,Fri May  5 11:27:53 2023
280,Fri May  5 11:27:54 2023
288,Fri May  5 11:27:54 2023
288,Fri May  5 11:27:55 2023
294,Fri May  5 11:27:55 2023
294,Fri May  5 11:27:56 2023
299,Fri May  5 11:27:56 2023
299,Fri May  5 11:27:57 2023
296,Fri May  5 11:27:57 2023
296,Fri May  5 11:27:58 2023
296,Fri May  5 11:27:58 2023
296,Fri May  5 11:27:59 2023
300,Fri May  5 11:27:59 2023
300,Fri May  5 11:28:00 2023
303,Fri May  5 11:28:00 2023
303,Fri May  5 11:28:01 2023
307,Fri May  5 11:28:01 2023
307,Fri May  5 11:28:02 2023
309,Fri May  5 11:28:02 2023
309,Fri May  5 11:28:03 2023
309,Fri May  5 11:28:03 2023
309,Fri May  5 11:28:04 2023
310,Fri May  5 11:28:04 2023
310,Fri May  5 11:28:05 2023
311,Fri May  5 11:28:05 2023
311,Fri May  5 11:28:06 2023
314,Fri May  5 11:28:06 2023
314,Fri May  5 11:28:07 2023
316,Fri May  5 11:28:07 2023
316,Fri May  5 11:28:08 2023
317,Fri May  5 11:28:08 2023
317,Fri May  5 11:28:09 2023
318,Fri May  5 11:28:09 2023
318,Fri May  5 11:28:10 2023
318,Fri May  5 11:28:10 2023
318,Fri May  5 11:28:11 2023
319,Fri May  5 11:28:11 2023
319,Fri May  5 11:28:12 2023
320,Fri May  5 11:28:12 2023
320,Fri May  5 11:28:13 2023
320,Fri May  5 11:28:13 2023
320,Fri May  5 11:28:14 2023
320,Fri May  5 11:28:14 2023
320,Fri May  5 11:28:15 2023
321,Fri May  5 11:28:15 2023
321,Fri May  5 11:28:16 2023
321,Fri May  5 11:28:16 2023
321,Fri May  5 11:28:17 2023
322,Fri May  5 11:28:17 2023
322,Fri May  5 11:28:18 2023
322,Fri May  5 11:28:18 2023
322,Fri May  5 11:28:19 2023
322,Fri May  5 11:28:19 2023
322,Fri May  5 11:28:20 2023
322,Fri May  5 11:28:20 2023
322,Fri May  5 11:28:21 2023
323,Fri May  5 11:28:21 2023
323,Fri May  5 11:28:22 2023
323,Fri May  5 11:28:22 2023
323,Fri May  5 11:28:23 2023
323,Fri May  5 11:28:23 2023
323,Fri May  5 11:28:24 2023
324,Fri May  5 11:28:24 2023
324,Fri May  5 11:28:25 2023
324,Fri May  5 11:28:25 2023
324,Fri May  5 11:28:26 2023
320,Fri May  5 11:28:26 2023
320,Fri May  5 11:28:27 2023
320,Fri May  5 11:28:27 2023
320,Fri May  5 11:28:28 2023
321,Fri May  5 11:28:28 2023
321,Fri May  5 11:28:29 2023
321,Fri May  5 11:28:29 2023
321,Fri May  5 11:28:30 2023
322,Fri May  5 11:28:30 2023
322,Fri May  5 11:28:31 2023
322,Fri May  5 11:28:31 2023
322,Fri May  5 11:28:32 2023
322,Fri May  5 11:28:32 2023
322,Fri May  5 11:28:33 2023
323,Fri May  5 11:28:33 2023
323,Fri May  5 11:28:34 2023
322,Fri May  5 11:28:34 2023
322,Fri May  5 11:28:35 2023
322,Fri May  5 11:28:35 2023
322,Fri May  5 11:28:36 2023
321,Fri May  5 11:28:36 2023
321,Fri May  5 11:28:37 2023
321,Fri May  5 11:28:37 2023
321,Fri May  5 11:28:38 2023
321,Fri May  5 11:28:38 2023
321,Fri May  5 11:28:39 2023
321,Fri May  5 11:28:39 2023
321,Fri May  5 11:28:40 2023
322,Fri May  5 11:28:40 2023
322,Fri May  5 11:28:41 2023
322,Fri May  5 11:28:41 2023
322,Fri May  5 11:28:42 2023
322,Fri May  5 11:28:42 2023
322,Fri May  5 11:28:43 2023
322,Fri May  5 11:28:43 2023
322,Fri May  5 11:28:44 2023
323,Fri May  5 11:28:44 2023
323,Fri May  5 11:28:45 2023
323,Fri May  5 11:28:45 2023
323,Fri May  5 11:28:46 2023
323,Fri May  5 11:28:46 2023
323,Fri May  5 11:28:47 2023
323,Fri May  5 11:28:47 2023
323,Fri May  5 11:28:48 2023
324,Fri May  5 11:28:48 2023
324,Fri May  5 11:28:49 2023
324,Fri May  5 11:28:49 2023
324,Fri May  5 11:28:50 2023
322,Fri May  5 11:28:50 2023
322,Fri May  5 11:28:51 2023
320,Fri May  5 11:28:51 2023
320,Fri May  5 11:28:52 2023
318,Fri May  5 11:28:52 2023
318,Fri May  5 11:28:53 2023
316,Fri May  5 11:28:53 2023
316,Fri May  5 11:28:54 2023
316,Fri May  5 11:28:54 2023
316,Fri May  5 11:28:55 2023
317,Fri May  5 11:28:55 2023
317,Fri May  5 11:28:56 2023
317,Fri May  5 11:28:56 2023
317,Fri May  5 11:28:57 2023
315,Fri May  5 11:28:57 2023
315,Fri May  5 11:28:58 2023
316,Fri May  5 11:28:58 2023
316,Fri May  5 11:28:59 2023
319,Fri May  5 11:28:59 2023
319,Fri May  5 11:29:00 2023
325,Fri May  5 11:29:00 2023
325,Fri May  5 11:29:01 2023
330,Fri May  5 11:29:01 2023
330,Fri May  5 11:29:02 2023
336,Fri May  5 11:29:02 2023
336,Fri May  5 11:29:03 2023
342,Fri May  5 11:29:03 2023
342,Fri May  5 11:29:04 2023
347,Fri May  5 11:29:04 2023
347,Fri May  5 11:29:05 2023
350,Fri May  5 11:29:05 2023
350,Fri May  5 11:29:06 2023
355,Fri May  5 11:29:06 2023
355,Fri May  5 11:29:07 2023
364,Fri May  5 11:29:07 2023
364,Fri May  5 11:29:08 2023
393,Fri May  5 11:29:08 2023
393,Fri May  5 11:29:09 2023
413,Fri May  5 11:29:09 2023
413,Fri May  5 11:29:10 2023
431,Fri May  5 11:29:10 2023
431,Fri May  5 11:29:11 2023
456,Fri May  5 11:29:11 2023
456,Fri May  5 11:29:12 2023
491,Fri May  5 11:29:12 2023
491,Fri May  5 11:29:13 2023
556,Fri May  5 11:29:13 2023
556,Fri May  5 11:29:14 2023
587,Fri May  5 11:29:14 2023
587,Fri May  5 11:29:15 2023
611,Fri May  5 11:29:15 2023
692,Fri May  5 11:29:16 2023
903,Fri May  5 11:29:17 2023
988,Fri May  5 11:29:18 2023
984,Fri May  5 11:29:19 2023
989,Fri May  5 11:29:20 2023
994,Fri May  5 11:29:21 2023
1006,Fri May  5 11:29:22 2023
1010,Fri May  5 11:29:23 2023
1015,Fri May  5 11:29:24 2023
1020,Fri May  5 11:29:25 2023
1023,Fri May  5 11:29:26 2023
1023,Fri May  5 11:29:27 2023
1023,Fri May  5 11:29:28 2023
1023,Fri May  5 11:29:29 2023
1023,Fri May  5 11:29:30 2023
1023,Fri May  5 11:29:31 2023
1023,Fri May  5 11:29:32 2023
1023,Fri May  5 11:29:33 2023
1023,Fri May  5 11:29:34 2023
1023,Fri May  5 11:29:35 2023
1023,Fri May  5 11:29:36 2023
1023,Fri May  5 11:29:37 2023
1023,Fri May  5 11:29:38 2023
1023,Fri May  5 11:29:39 2023
1023,Fri May  5 11:29:40 2023
1023,Fri May  5 11:29:41 2023
1023,Fri May  5 11:29:42 2023
1023,Fri May  5 11:29:43 2023
1023,Fri May  5 11:29:44 2023
1023,Fri May  5 11:29:45 2023
1019,Fri May  5 11:29:46 2023
1020,Fri May  5 11:29:47 2023
823,Fri May  5 11:29:48 2023
600,Fri May  5 11:29:49 2023
853,Fri May  5 11:29:50 2023
974,Fri May  5 11:29:51 2023
968,Fri May  5 11:29:52 2023
592,Fri May  5 11:29:53 2023
592,Fri May  5 11:29:54 2023
495,Fri May  5 11:29:54 2023
495,Fri May  5 11:29:55 2023
433,Fri May  5 11:29:55 2023
433,Fri May  5 11:29:56 2023
407,Fri May  5 11:29:56 2023
407,Fri May  5 11:29:57 2023
416,Fri May  5 11:29:57 2023
416,Fri May  5 11:29:58 2023
410,Fri May  5 11:29:58 2023
410,Fri May  5 11:29:59 2023
405,Fri May  5 11:29:59 2023
405,Fri May  5 11:30:00 2023
384,Fri May  5 11:30:00 2023
384,Fri May  5 11:30:01 2023
359,Fri May  5 11:30:01 2023
359,Fri May  5 11:30:02 2023
302,Fri May  5 11:30:02 2023
302,Fri May  5 11:30:03 2023
316,Fri May  5 11:30:03 2023
316,Fri May  5 11:30:04 2023
377,Fri May  5 11:30:04 2023
377,Fri May  5 11:30:05 2023
394,Fri May  5 11:30:05 2023
394,Fri May  5 11:30:06 2023
402,Fri May  5 11:30:06 2023
402,Fri May  5 11:30:07 2023
367,Fri May  5 11:30:07 2023
367,Fri May  5 11:30:08 2023
214,Fri May  5 11:30:08 2023
214,Fri May  5 11:30:09 2023
223,Fri May  5 11:30:09 2023
223,Fri May  5 11:30:10 2023
239,Fri May  5 11:30:10 2023
239,Fri May  5 11:30:11 2023
261,Fri May  5 11:30:11 2023
261,Fri May  5 11:30:12 2023
339,Fri May  5 11:30:12 2023
339,Fri May  5 11:30:13 2023
406,Fri May  5 11:30:13 2023
406,Fri May  5 11:30:14 2023
186,Fri May  5 11:30:14 2023
186,Fri May  5 11:30:15 2023
178,Fri May  5 11:30:15 2023
178,Fri May  5 11:30:16 2023
182,Fri May  5 11:30:16 2023
182,Fri May  5 11:30:17 2023
189,Fri May  5 11:30:17 2023
189,Fri May  5 11:30:18 2023
349,Fri May  5 11:30:18 2023
349,Fri May  5 11:30:19 2023
175,Fri May  5 11:30:19 2023
175,Fri May  5 11:30:20 2023
1023,Fri May  5 11:30:20 2023
1023,Fri May  5 11:30:21 2023
1023,Fri May  5 11:30:22 2023
1023,Fri May  5 11:30:23 2023
1023,Fri May  5 11:30:24 2023
1012,Fri May  5 11:30:25 2023
1004,Fri May  5 11:30:26 2023
1023,Fri May  5 11:30:27 2023
1023,Fri May  5 11:30:28 2023
1023,Fri May  5 11:30:29 2023
1023,Fri May  5 11:30:30 2023
1023,Fri May  5 11:30:31 2023
1023,Fri May  5 11:30:32 2023
1023,Fri May  5 11:30:33 2023
1023,Fri May  5 11:30:34 2023
1023,Fri May  5 11:30:35 2023
1023,Fri May  5 11:30:36 2023
1023,Fri May  5 11:30:37 2023
1023,Fri May  5 11:30:38 2023
1023,Fri May  5 11:30:39 2023
1023,Fri May  5 11:30:40 2023
1023,Fri May  5 11:30:41 2023
1023,Fri May  5 11:30:42 2023
1023,Fri May  5 11:30:43 2023
1023,Fri May  5 11:30:44 2023
1023,Fri May  5 11:30:45 2023
1023,Fri May  5 11:30:46 2023
1023,Fri May  5 11:30:47 2023
1023,Fri May  5 11:30:48 2023
1023,Fri May  5 11:30:49 2023
1023,Fri May  5 11:30:50 2023
1023,Fri May  5 11:30:51 2023
1023,Fri May  5 11:30:52 2023
1023,Fri May  5 11:30:53 2023
1023,Fri May  5 11:30:54 2023
1023,Fri May  5 11:30:55 2023
1023,Fri May  5 11:30:56 2023
1023,Fri May  5 11:30:57 2023
1023,Fri May  5 11:30:58 2023
1023,Fri May  5 11:30:59 2023
1023,Fri May  5 11:31:00 2023
1023,Fri May  5 11:31:01 2023
1023,Fri May  5 11:31:02 2023
1023,Fri May  5 11:31:03 2023
1023,Fri May  5 11:31:04 2023
1023,Fri May  5 11:31:05 2023
1023,Fri May  5 11:31:06 2023
1023,Fri May  5 11:31:07 2023
1023,Fri May  5 11:31:08 2023
1023,Fri May  5 11:31:09 2023
1023,Fri May  5 11:31:10 2023
1023,Fri May  5 11:31:11 2023
1023,Fri May  5 11:31:12 2023
1023,Fri May  5 11:31:13 2023
1023,Fri May  5 11:31:14 2023
1023,Fri May  5 11:31:15 2023
1023,Fri May  5 11:31:16 2023
1023,Fri May  5 11:31:17 2023
1023,Fri May  5 11:31:18 2023
1023,Fri May  5 11:31:19 2023
1023,Fri May  5 11:31:20 2023
1023,Fri May  5 11:31:21 2023
1023,Fri May  5 11:31:22 2023
1023,Fri May  5 11:31:23 2023
1023,Fri May  5 11:31:24 2023
1023,Fri May  5 11:31:25 2023
1023,Fri May  5 11:31:26 2023
1023,Fri May  5 11:31:27 2023
1023,Fri May  5 11:31:28 2023
1023,Fri May  5 11:31:29 2023
1023,Fri May  5 11:31:30 2023
1023,Fri May  5 11:31:31 2023
1023,Fri May  5 11:31:32 2023
1023,Fri May  5 11:31:33 2023
1023,Fri May  5 11:31:34 2023
1023,Fri May  5 11:31:35 2023
1023,Fri May  5 11:31:36 2023
1023,Fri May  5 11:31:37 2023
1023,Fri May  5 11:31:38 2023
1023,Fri May  5 11:31:39 2023
1023,Fri May  5 11:31:40 2023
1023,Fri May  5 11:31:41 2023
1023,Fri May  5 11:31:42 2023
1023,Fri May  5 11:31:43 2023
1023,Fri May  5 11:31:44 2023
1023,Fri May  5 11:31:45 2023
1023,Fri May  5 11:31:46 2023
1023,Fri May  5 11:31:47 2023
1023,Fri May  5 11:31:48 2023
1023,Fri May  5 11:31:49 2023
1023,Fri May  5 11:31:50 2023
1023,Fri May  5 11:31:51 2023
1023,Fri May  5 11:31:52 2023
1023,Fri May  5 11:31:53 2023
1023,Fri May  5 11:31:54 2023
1023,Fri May  5 11:31:55 2023
1023,Fri May  5 11:31:56 2023
1023,Fri May  5 11:31:57 2023
1023,Fri May  5 11:31:58 2023
1023,Fri May  5 11:31:59 2023
1023,Fri May  5 11:32:00 2023
1023,Fri May  5 11:32:01 2023
1023,Fri May  5 11:32:02 2023
1023,Fri May  5 11:32:03 2023
1023,Fri May  5 11:32:04 2023
1023,Fri May  5 11:32:05 2023
1023,Fri May  5 11:32:06 2023
1023,Fri May  5 11:32:07 2023
1023,Fri May  5 11:32:08 2023
1023,Fri May  5 11:32:09 2023
1023,Fri May  5 11:32:10 2023
1023,Fri May  5 11:32:11 2023
1023,Fri May  5 11:32:12 2023
1023,Fri May  5 11:32:13 2023
1023,Fri May  5 11:32:14 2023
1023,Fri May  5 11:32:15 2023
1023,Fri May  5 11:32:16 2023
1023,Fri May  5 11:32:17 2023
1023,Fri May  5 11:32:18 2023
1023,Fri May  5 11:32:19 2023
1023,Fri May  5 11:32:20 2023
1023,Fri May  5 11:32:21 2023
1023,Fri May  5 11:32:22 2023
1023,Fri May  5 11:32:23 2023
1023,Fri May  5 11:32:24 2023
1023,Fri May  5 11:32:25 2023
1023,Fri May  5 11:32:26 2023
1023,Fri May  5 11:32:27 2023
1023,Fri May  5 11:32:28 2023
1023,Fri May  5 11:32:29 2023
1023,Fri May  5 11:32:30 2023
1023,Fri May  5 11:32:31 2023
1023,Fri May  5 11:32:32 2023
1023,Fri May  5 11:32:33 2023
1023,Fri May  5 11:32:34 2023
1023,Fri May  5 11:32:35 2023
1023,Fri May  5 11:32:36 2023
1023,Fri May  5 11:32:37 2023
1023,Fri May  5 11:32:38 2023
1023,Fri May  5 11:32:39 2023
1023,Fri May  5 11:32:40 2023
1023,Fri May  5 11:32:41 2023
1023,Fri May  5 11:32:42 2023
1023,Fri May  5 11:32:43 2023
1023,Fri May  5 11:32:44 2023
1023,Fri May  5 11:32:45 2023
1023,Fri May  5 11:32:46 2023
1023,Fri May  5 11:32:47 2023
1023,Fri May  5 11:32:48 2023
1023,Fri May  5 11:32:49 2023
1023,Fri May  5 11:32:50 2023
1023,Fri May  5 11:32:51 2023
1023,Fri May  5 11:32:52 2023
1023,Fri May  5 11:32:53 2023
1023,Fri May  5 11:32:54 2023
1023,Fri May  5 11:32:55 2023
1023,Fri May  5 11:32:56 2023
1023,Fri May  5 11:32:57 2023
1023,Fri May  5 11:32:58 2023
1023,Fri May  5 11:32:59 2023
1023,Fri May  5 11:33:00 2023
1023,Fri May  5 11:33:01 2023
1023,Fri May  5 11:33:02 2023
1023,Fri May  5 11:33:03 2023
1023,Fri May  5 11:33:04 2023
1023,Fri May  5 11:33:05 2023
1023,Fri May  5 11:33:06 2023
1023,Fri May  5 11:33:07 2023
1023,Fri May  5 11:33:08 2023
1023,Fri May  5 11:33:09 2023
1023,Fri May  5 11:33:10 2023
1023,Fri May  5 11:33:11 2023
1023,Fri May  5 11:33:12 2023
1023,Fri May  5 11:33:13 2023
1023,Fri May  5 11:33:14 2023
1023,Fri May  5 11:33:15 2023
1023,Fri May  5 11:33:16 2023
1023,Fri May  5 11:33:17 2023
1023,Fri May  5 11:33:18 2023
1023,Fri May  5 11:33:19 2023
1023,Fri May  5 11:33:20 2023
1023,Fri May  5 11:33:21 2023
1023,Fri May  5 11:33:22 2023
1023,Fri May  5 11:33:23 2023
1023,Fri May  5 11:33:24 2023
1023,Fri May  5 11:33:25 2023
1023,Fri May  5 11:33:26 2023
1023,Fri May  5 11:33:27 2023
1023,Fri May  5 11:33:28 2023
1023,Fri May  5 11:33:29 2023
1023,Fri May  5 11:33:30 2023
1023,Fri May  5 11:33:31 2023
1023,Fri May  5 11:33:32 2023
1023,Fri May  5 11:33:33 2023
1023,Fri May  5 11:33:34 2023
1023,Fri May  5 11:33:35 2023
1023,Fri May  5 11:33:36 2023
1023,Fri May  5 11:33:37 2023
1023,Fri May  5 11:33:38 2023
1023,Fri May  5 11:33:39 2023
1023,Fri May  5 11:33:40 2023
1023,Fri May  5 11:33:41 2023
1023,Fri May  5 11:33:42 2023
1023,Fri May  5 11:33:43 2023
1023,Fri May  5 11:33:44 2023
1023,Fri May  5 11:33:45 2023
1023,Fri May  5 11:33:46 2023
1023,Fri May  5 11:33:47 2023
1023,Fri May  5 11:33:48 2023
1023,Fri May  5 11:33:49 2023
1023,Fri May  5 11:33:50 2023
1023,Fri May  5 11:33:51 2023
1023,Fri May  5 11:33:52 2023
1023,Fri May  5 11:33:53 2023
1023,Fri May  5 11:33:54 2023
1023,Fri May  5 11:33:55 2023
1023,Fri May  5 11:33:56 2023
1023,Fri May  5 11:33:57 2023
1023,Fri May  5 11:33:58 2023
1023,Fri May  5 11:33:59 2023
1023,Fri May  5 11:34:00 2023
1023,Fri May  5 11:34:01 2023
1023,Fri May  5 11:34:02 2023
1023,Fri May  5 11:34:03 2023
1023,Fri May  5 11:34:04 2023
1023,Fri May  5 11:34:05 2023
1023,Fri May  5 11:34:06 2023
1023,Fri May  5 11:34:07 2023
1023,Fri May  5 11:34:08 2023
1023,Fri May  5 11:34:09 2023
1023,Fri May  5 11:34:10 2023
1023,Fri May  5 11:34:11 2023
1023,Fri May  5 11:34:12 2023
1023,Fri May  5 11:34:13 2023
1023,Fri May  5 11:34:14 2023
1023,Fri May  5 11:34:15 2023
1023,Fri May  5 11:34:16 2023
1023,Fri May  5 11:34:17 2023
1023,Fri May  5 11:34:18 2023
1023,Fri May  5 11:34:19 2023
1023,Fri May  5 11:34:20 2023
1023,Fri May  5 11:34:21 2023
1023,Fri May  5 11:34:22 2023
1023,Fri May  5 11:34:23 2023
1023,Fri May  5 11:34:24 2023
1023,Fri May  5 11:34:25 2023
1023,Fri May  5 11:34:26 2023
1023,Fri May  5 11:34:27 2023
1023,Fri May  5 11:34:28 2023
1023,Fri May  5 11:34:29 2023
1023,Fri May  5 11:34:30 2023
1023,Fri May  5 11:34:31 2023
1023,Fri May  5 11:34:32 2023
1023,Fri May  5 11:34:33 2023
1023,Fri May  5 11:34:34 2023
1023,Fri May  5 11:34:35 2023
1023,Fri May  5 11:34:36 2023
1023,Fri May  5 11:34:37 2023
1023,Fri May  5 11:34:38 2023
1023,Fri May  5 11:34:39 2023
1023,Fri May  5 11:34:40 2023
1023,Fri May  5 11:34:41 2023
1023,Fri May  5 11:34:42 2023
1023,Fri May  5 11:34:43 2023
1023,Fri May  5 11:34:44 2023
1023,Fri May  5 11:34:45 2023
1023,Fri May  5 11:34:46 2023
1023,Fri May  5 11:34:47 2023
1023,Fri May  5 11:34:48 2023
1023,Fri May  5 11:34:49 2023
1023,Fri May  5 11:34:50 2023
1023,Fri May  5 11:34:51 2023
1023,Fri May  5 11:34:52 2023
1023,Fri May  5 11:34:53 2023
1023,Fri May  5 11:34:54 2023
1023,Fri May  5 11:34:55 2023
1023,Fri May  5 11:34:56 2023
1023,Fri May  5 11:34:57 2023
1023,Fri May  5 11:34:58 2023
1023,Fri May  5 11:34:59 2023
1023,Fri May  5 11:35:00 2023
1023,Fri May  5 11:35:01 2023
1023,Fri May  5 11:35:02 2023
1023,Fri May  5 11:35:03 2023
1023,Fri May  5 11:35:04 2023
1023,Fri May  5 11:35:05 2023
1023,Fri May  5 11:35:06 2023
1023,Fri May  5 11:35:07 2023
1023,Fri May  5 11:35:08 2023
1023,Fri May  5 11:35:09 2023
1023,Fri May  5 11:35:10 2023
1023,Fri May  5 11:35:11 2023
1023,Fri May  5 11:35:12 2023
1023,Fri May  5 11:35:13 2023
1023,Fri May  5 11:35:14 2023
1023,Fri May  5 11:35:15 2023
1023,Fri May  5 11:35:16 2023
1023,Fri May  5 11:35:17 2023
1023,Fri May  5 11:35:18 2023
1023,Fri May  5 11:35:19 2023
1023,Fri May  5 11:35:20 2023
1023,Fri May  5 11:35:21 2023
1023,Fri May  5 11:35:22 2023
1023,Fri May  5 11:35:23 2023
1023,Fri May  5 11:35:24 2023
1023,Fri May  5 11:35:25 2023
1023,Fri May  5 11:35:26 2023
1023,Fri May  5 11:35:27 2023
1023,Fri May  5 11:35:28 2023
1023,Fri May  5 11:35:29 2023
1023,Fri May  5 11:35:30 2023
1023,Fri May  5 11:35:31 2023
1023,Fri May  5 11:35:32 2023
1023,Fri May  5 11:35:33 2023
1023,Fri May  5 11:35:34 2023
1023,Fri May  5 11:35:35 2023
1023,Fri May  5 11:35:36 2023
1023,Fri May  5 11:35:37 2023
1023,Fri May  5 11:35:38 2023
1023,Fri May  5 11:35:39 2023
1023,Fri May  5 11:35:40 2023
1023,Fri May  5 11:35:41 2023
1023,Fri May  5 11:35:42 2023
1023,Fri May  5 11:35:43 2023
1023,Fri May  5 11:35:44 2023
1023,Fri May  5 11:35:45 2023
1023,Fri May  5 11:35:46 2023
1023,Fri May  5 11:35:47 2023
1023,Fri May  5 11:35:48 2023
1023,Fri May  5 11:35:49 2023
1023,Fri May  5 11:35:50 2023
1023,Fri May  5 11:35:51 2023
1023,Fri May  5 11:35:52 2023
1023,Fri May  5 11:35:53 2023
1023,Fri May  5 11:35:54 2023
1023,Fri May  5 11:35:55 2023
1023,Fri May  5 11:35:56 2023
1023,Fri May  5 11:35:57 2023
1023,Fri May  5 11:35:58 2023
1023,Fri May  5 11:35:59 2023
1023,Fri May  5 11:36:00 2023
1023,Fri May  5 11:36:01 2023
1023,Fri May  5 11:36:02 2023
1023,Fri May  5 11:36:03 2023
1023,Fri May  5 11:36:04 2023
1023,Fri May  5 11:36:05 2023
1023,Fri May  5 11:36:06 2023
1023,Fri May  5 11:36:07 2023
1023,Fri May  5 11:36:08 2023
1023,Fri May  5 11:36:09 2023
1023,Fri May  5 11:36:10 2023
1023,Fri May  5 11:36:11 2023
1023,Fri May  5 11:36:12 2023
1023,Fri May  5 11:36:13 2023
1023,Fri May  5 11:36:14 2023
1023,Fri May  5 11:36:15 2023
1023,Fri May  5 11:36:16 2023
1023,Fri May  5 11:36:17 2023
1023,Fri May  5 11:36:18 2023
1023,Fri May  5 11:36:19 2023
1023,Fri May  5 11:36:20 2023
1023,Fri May  5 11:36:21 2023
1023,Fri May  5 11:36:22 2023
1023,Fri May  5 11:36:23 2023
1023,Fri May  5 11:36:24 2023
1023,Fri May  5 11:36:25 2023
1023,Fri May  5 11:36:26 2023
1023,Fri May  5 11:36:27 2023
1023,Fri May  5 11:36:28 2023
1023,Fri May  5 11:36:29 2023
1023,Fri May  5 11:36:30 2023
1023,Fri May  5 11:36:31 2023
1023,Fri May  5 11:36:32 2023
1023,Fri May  5 11:36:33 2023
1023,Fri May  5 11:36:34 2023
1023,Fri May  5 11:36:35 2023
1023,Fri May  5 11:36:36 2023
1023,Fri May  5 11:36:37 2023
1023,Fri May  5 11:36:38 2023
1023,Fri May  5 11:36:39 2023
1023,Fri May  5 11:36:40 2023
1023,Fri May  5 11:36:41 2023
1023,Fri May  5 11:36:42 2023
1023,Fri May  5 11:36:43 2023
1023,Fri May  5 11:36:44 2023
1023,Fri May  5 11:36:45 2023
1023,Fri May  5 11:36:46 2023
1023,Fri May  5 11:36:47 2023
1023,Fri May  5 11:36:48 2023
1023,Fri May  5 11:36:49 2023
1023,Fri May  5 11:36:50 2023
1023,Fri May  5 11:36:51 2023
1023,Fri May  5 11:36:52 2023
1023,Fri May  5 11:36:53 2023
1023,Fri May  5 11:36:54 2023
1023,Fri May  5 11:36:55 2023
1023,Fri May  5 11:36:56 2023
1023,Fri May  5 11:36:57 2023
1023,Fri May  5 11:36:58 2023
1023,Fri May  5 11:36:59 2023
1023,Fri May  5 11:37:00 2023
1023,Fri May  5 11:37:01 2023
1023,Fri May  5 11:37:02 2023
1023,Fri May  5 11:37:03 2023
1023,Fri May  5 11:37:04 2023
1023,Fri May  5 11:37:05 2023
1023,Fri May  5 11:37:06 2023
1023,Fri May  5 11:37:07 2023
1023,Fri May  5 11:37:08 2023
1023,Fri May  5 11:37:09 2023
1023,Fri May  5 11:37:10 2023
1023,Fri May  5 11:37:11 2023
1023,Fri May  5 11:37:12 2023
1023,Fri May  5 11:37:13 2023
1023,Fri May  5 11:37:14 2023
1023,Fri May  5 11:37:15 2023
1023,Fri May  5 11:37:16 2023
1023,Fri May  5 11:37:17 2023
1023,Fri May  5 11:37:18 2023
1023,Fri May  5 11:37:19 2023
1023,Fri May  5 11:37:20 2023
1023,Fri May  5 11:37:21 2023
1023,Fri May  5 11:37:22 2023
1023,Fri May  5 11:37:23 2023
1023,Fri May  5 11:37:24 2023
1023,Fri May  5 11:37:25 2023
1023,Fri May  5 11:37:26 2023
1023,Fri May  5 11:37:27 2023
1023,Fri May  5 11:37:28 2023
1023,Fri May  5 11:37:29 2023
1023,Fri May  5 11:37:30 2023
1023,Fri May  5 11:37:31 2023
1023,Fri May  5 11:37:32 2023
1023,Fri May  5 11:37:33 2023
1023,Fri May  5 11:37:34 2023
1023,Fri May  5 11:37:35 2023
1023,Fri May  5 11:37:36 2023
1023,Fri May  5 11:37:37 2023
1023,Fri May  5 11:37:38 2023
1023,Fri May  5 11:37:39 2023
1023,Fri May  5 11:37:40 2023
1023,Fri May  5 11:37:41 2023
1023,Fri May  5 11:37:42 2023
1023,Fri May  5 11:37:43 2023
1023,Fri May  5 11:37:44 2023
1023,Fri May  5 11:37:45 2023
1023,Fri May  5 11:37:46 2023
1023,Fri May  5 11:37:47 2023
1023,Fri May  5 11:37:48 2023
1023,Fri May  5 11:37:49 2023
1023,Fri May  5 11:37:50 2023
1023,Fri May  5 11:37:51 2023
1023,Fri May  5 11:37:52 2023
1023,Fri May  5 11:37:53 2023
1023,Fri May  5 11:37:54 2023
1023,Fri May  5 11:37:55 2023
1023,Fri May  5 11:37:56 2023
1023,Fri May  5 11:37:57 2023
1023,Fri May  5 11:37:58 2023
1023,Fri May  5 11:37:59 2023
1023,Fri May  5 11:38:00 2023
1023,Fri May  5 11:38:01 2023
1023,Fri May  5 11:38:02 2023
1023,Fri May  5 11:38:03 2023
1023,Fri May  5 11:38:04 2023
1023,Fri May  5 11:38:05 2023
1023,Fri May  5 11:38:06 2023
1023,Fri May  5 11:38:07 2023
1023,Fri May  5 11:38:08 2023
1023,Fri May  5 11:38:09 2023
1023,Fri May  5 11:38:10 2023
1023,Fri May  5 11:38:11 2023
1023,Fri May  5 11:38:12 2023
1023,Fri May  5 11:38:13 2023
1023,Fri May  5 11:38:14 2023
1023,Fri May  5 11:38:15 2023
1023,Fri May  5 11:38:16 2023
1023,Fri May  5 11:38:17 2023
1023,Fri May  5 11:38:18 2023
1023,Fri May  5 11:38:19 2023
1023,Fri May  5 11:38:20 2023
1023,Fri May  5 11:38:21 2023
1023,Fri May  5 11:38:22 2023
1023,Fri May  5 11:38:23 2023
1023,Fri May  5 11:38:24 2023
1023,Fri May  5 11:38:25 2023
1023,Fri May  5 11:38:26 2023
1023,Fri May  5 11:38:27 2023
1023,Fri May  5 11:38:28 2023
1023,Fri May  5 11:38:29 2023
1023,Fri May  5 11:38:30 2023
1023,Fri May  5 11:38:31 2023
1023,Fri May  5 11:38:32 2023
1023,Fri May  5 11:38:33 2023
1023,Fri May  5 11:38:34 2023
1023,Fri May  5 11:38:35 2023
1023,Fri May  5 11:38:36 2023
1023,Fri May  5 11:38:37 2023
1023,Fri May  5 11:38:38 2023
1023,Fri May  5 11:38:39 2023
1023,Fri May  5 11:38:40 2023
1023,Fri May  5 11:38:41 2023
1023,Fri May  5 11:38:42 2023
1023,Fri May  5 11:38:43 2023
1023,Fri May  5 11:38:44 2023
1023,Fri May  5 11:38:45 2023
1023,Fri May  5 11:38:46 2023
1023,Fri May  5 11:38:47 2023
1023,Fri May  5 11:38:48 2023
1023,Fri May  5 11:38:49 2023
1023,Fri May  5 11:38:50 2023
1023,Fri May  5 11:38:51 2023
1023,Fri May  5 11:38:52 2023
1023,Fri May  5 11:38:53 2023
1023,Fri May  5 11:38:54 2023
1023,Fri May  5 11:38:55 2023
1023,Fri May  5 11:38:56 2023
1023,Fri May  5 11:38:57 2023
1023,Fri May  5 11:38:58 2023
1023,Fri May  5 11:38:59 2023
1023,Fri May  5 11:39:00 2023
1023,Fri May  5 11:39:01 2023
1023,Fri May  5 11:39:02 2023
1023,Fri May  5 11:39:03 2023
1023,Fri May  5 11:39:04 2023
1023,Fri May  5 11:39:05 2023
1023,Fri May  5 11:39:06 2023
1023,Fri May  5 11:39:07 2023
1023,Fri May  5 11:39:08 2023
1023,Fri May  5 11:39:09 2023
1023,Fri May  5 11:39:10 2023
1023,Fri May  5 11:39:11 2023
1023,Fri May  5 11:39:12 2023
1023,Fri May  5 11:39:13 2023
1023,Fri May  5 11:39:14 2023
1023,Fri May  5 11:39:15 2023
1023,Fri May  5 11:39:16 2023
1023,Fri May  5 11:39:17 2023
1023,Fri May  5 11:39:18 2023
1023,Fri May  5 11:39:19 2023
1023,Fri May  5 11:39:20 2023
1023,Fri May  5 11:39:21 2023
1023,Fri May  5 11:39:22 2023
1023,Fri May  5 11:39:23 2023
1023,Fri May  5 11:39:24 2023
1023,Fri May  5 11:39:25 2023
1023,Fri May  5 11:39:26 2023
1023,Fri May  5 11:39:27 2023
1023,Fri May  5 11:39:28 2023
1023,Fri May  5 11:39:29 2023
1023,Fri May  5 11:39:30 2023
1023,Fri May  5 11:39:31 2023
1023,Fri May  5 11:39:32 2023
1023,Fri May  5 11:39:33 2023
1023,Fri May  5 11:39:34 2023
1023,Fri May  5 11:39:35 2023
1023,Fri May  5 11:39:36 2023
1023,Fri May  5 11:39:37 2023
1023,Fri May  5 11:39:38 2023
1023,Fri May  5 11:39:39 2023
1023,Fri May  5 11:39:40 2023
1023,Fri May  5 11:39:41 2023
1023,Fri May  5 11:39:42 2023
1023,Fri May  5 11:39:43 2023
1023,Fri May  5 11:39:44 2023
1023,Fri May  5 11:39:45 2023
1023,Fri May  5 11:39:46 2023
1023,Fri May  5 11:39:47 2023
1023,Fri May  5 11:39:48 2023
1023,Fri May  5 11:39:49 2023
1023,Fri May  5 11:39:50 2023
1023,Fri May  5 11:39:51 2023
1023,Fri May  5 11:39:52 2023
1023,Fri May  5 11:39:53 2023
1023,Fri May  5 11:39:54 2023
1023,Fri May  5 11:39:55 2023
1023,Fri May  5 11:39:56 2023
1023,Fri May  5 11:39:57 2023
1023,Fri May  5 11:39:58 2023
1023,Fri May  5 11:39:59 2023
1023,Fri May  5 11:40:00 2023
1023,Fri May  5 11:40:01 2023
1023,Fri May  5 11:40:02 2023
1023,Fri May  5 11:40:03 2023
1023,Fri May  5 11:40:04 2023
1023,Fri May  5 11:40:05 2023
1023,Fri May  5 11:40:06 2023
1023,Fri May  5 11:40:07 2023
1023,Fri May  5 11:40:08 2023
1023,Fri May  5 11:40:09 2023
1023,Fri May  5 11:40:10 2023
1023,Fri May  5 11:40:11 2023
1023,Fri May  5 11:40:12 2023
1023,Fri May  5 11:40:13 2023
1023,Fri May  5 11:40:14 2023
1023,Fri May  5 11:40:15 2023
1023,Fri May  5 11:40:16 2023
1023,Fri May  5 11:40:17 2023
1023,Fri May  5 11:40:18 2023
1023,Fri May  5 11:40:19 2023
1023,Fri May  5 11:40:20 2023
1023,Fri May  5 11:40:21 2023
1023,Fri May  5 11:40:22 2023
1023,Fri May  5 11:40:23 2023
1023,Fri May  5 11:40:24 2023
1023,Fri May  5 11:40:25 2023
1023,Fri May  5 11:40:26 2023
1023,Fri May  5 11:40:27 2023
1023,Fri May  5 11:40:28 2023
1023,Fri May  5 11:40:29 2023
1023,Fri May  5 11:40:30 2023
1023,Fri May  5 11:40:31 2023
1023,Fri May  5 11:40:32 2023
1023,Fri May  5 11:40:33 2023
1023,Fri May  5 11:40:34 2023
1023,Fri May  5 11:40:35 2023
1023,Fri May  5 11:40:36 2023
1023,Fri May  5 11:40:37 2023
1023,Fri May  5 11:40:38 2023
1023,Fri May  5 11:40:39 2023
1023,Fri May  5 11:40:40 2023
1023,Fri May  5 11:40:41 2023
1023,Fri May  5 11:40:42 2023
1023,Fri May  5 11:40:43 2023
1023,Fri May  5 11:40:44 2023
1023,Fri May  5 11:40:45 2023
1023,Fri May  5 11:40:46 2023
1023,Fri May  5 11:40:47 2023
